{
  "schemaVersion": 1,
  "id": "addon-template",
  "version": "${version}",
  "name": "VoidClan On Top!",
  "description": ".gg/VoidClan",
  "authors": [
    "DrowBlackTw"
  ],
  "contact": {
    "repo": "https://github.com/MeteorDevelopment/meteor-addon-template"
  },
  "icon": "assets/VoidClan/textures/icon.png",
  "environment": "client",
  "entrypoints": {
    "meteor": [
      "com.VoidClan.addon.Main"
    ],
    "server": [],
    "fabric-datagen": [],
    "client": [],
    "main": [],
    "fabric-gametest": [],
    "preLaunch": []
  },
  "custom": {
    "meteor-client:color": "57,0,133"
  },
  "depends": {
    "java": ">=21",
    "minecraft": [
      "${minecraft_version}"
    ],
    "meteor-client": "*"
  }
}
